{
  "IcoMoonType": "selection",
  "icons": [
    {
      "icon": {
        "paths": [
          "M512 0c-282.752 0-512 229.248-512 512s229.248 512 512 512 512-229.248 512-512-229.248-512-512-512zM432.64 748.256l-235.584-235.616 90.496-90.496 145.056 145.12 307.744-307.744 90.496 90.496-398.208 398.24z"
        ],
        "attrs": [
          {}
        ],
        "isMulticolor": false,
        "isMulticolor2": false,
        "tags": [
          "check-alt",
          "checkmark",
          "tick"
        ],
        "grid": 16
      },
      "attrs": [
        {}
      ],
      "properties": {
        "order": 1,
        "id": 0,
        "prevSize": 32,
        "name": "check-alt"
      },
      "setIdx": 0,
      "setId": 3,
      "iconIdx": 0
    },
    {
      "icon": {
        "paths": [
          "M1024 0v416l-160-160-192 192-96-96 192-192-160-160zM448 672l-192 192 160 160h-416v-416l160 160 192-192z"
        ],
        "tags": [
          "enlarge",
          "expand",
          "maximize",
          "fullscreen"
        ],
        "defaultCode": 59787,
        "grid": 16,
        "attrs": []
      },
      "attrs": [],
      "properties": {
        "ligatures": "enlarge2, expand2",
        "name": "enlarge2",
        "order": 7,
        "id": 140,
        "prevSize": 32,
        "code": 59787
      },
      "setIdx": 2,
      "setId": 1,
      "iconIdx": 139
    }
  ],
  "height": 1024,
  "preferences": {
    "showGlyphs": true,
    "showQuickUse": true,
    "showQuickUse2": true,
    "showSVGs": true,
    "fontPref": {
      "prefix": "icon-",
      "metadata": {
        "fontFamily": "icomoon"
      },
      "metrics": {
        "emSize": 1024,
        "baseline": 6.25,
        "whitespace": 50
      },
      "embed": false
    },
    "imagePref": {
      "prefix": "icon-",
      "png": true,
      "useClassSelector": true,
      "color": 0,
      "bgColor": 16777215,
      "classSelector": ".icon",
      "name": "icomoon"
    },
    "historySize": 50,
    "showCodes": true,
    "gridSize": 16
  }
}